[
  {
    "command":"angst",
    "bot":"virgil",
    "reply":"https://raw.githubusercontent.com/juan0tron/gem-exchange-bot/master/assets/img/virgil/angst.png"
  },
  {
    "command":"hours",
    "bot":"virgil",
    "reply":"https://raw.githubusercontent.com/juan0tron/gem-exchange-bot/master/assets/img/virgil/hours.png"
  },
  {
    "command":"beautiful",
    "bot":"virgil",
    "reply":"https://raw.githubusercontent.com/juan0tron/gem-exchange-bot/master/assets/img/virgil/beautiful.png"
  },
  {
    "command":"boi",
    "bot":"virgil",
    "reply":"https://raw.githubusercontent.com/juan0tron/gem-exchange-bot/master/assets/img/virgil/boi.png"
  },
  {
    "command":"salad",
    "bot":"virgil",
    "reply":"https://raw.githubusercontent.com/juan0tron/gem-exchange-bot/master/assets/img/virgil/salad.png"
  },
  {
    "command":"magic",
    "bot":"virgil",
    "reply":"https://raw.githubusercontent.com/juan0tron/gem-exchange-bot/master/assets/img/virgil/magic.png"
  },
  {
    "command":"noplz",
    "bot":"virgil",
    "reply":"https://raw.githubusercontent.com/juan0tron/gem-exchange-bot/master/assets/img/virgil/noplz.png"
  },
  {
    "command":"doubt",
    "bot":"virgil",
    "reply":"https://raw.githubusercontent.com/juan0tron/gem-exchange-bot/master/assets/img/virgil/doubt.png"
  },
  {
    "command":"moar",
    "bot":"virgil",
    "reply":"https://raw.githubusercontent.com/juan0tron/gem-exchange-bot/master/assets/img/virgil/moar.png"
  },
  {
    "command":"ohsnap",
    "bot":"virgil",
    "reply":"https://raw.githubusercontent.com/juan0tron/gem-exchange-bot/master/assets/img/virgil/ohsnap.png"
  },
  {
    "command":"gay",
    "bot":"virgil",
    "reply":"https://raw.githubusercontent.com/juan0tron/gem-exchange-bot/master/assets/img/virgil/gay.png"
  },
  {
    "command":"sweats",
    "bot":"virgil",
    "reply":"https://raw.githubusercontent.com/juan0tron/gem-exchange-bot/master/assets/img/virgil/sweats.png"
  },
  {
    "command":"doors",
    "bot":"virgil",
    "reply":"https://raw.githubusercontent.com/juan0tron/gem-exchange-bot/master/assets/img/virgil/doors.png"
  },
  {
    "command":"trying",
    "bot":"virgil",
    "reply":"https://raw.githubusercontent.com/juan0tron/gem-exchange-bot/master/assets/img/virgil/trying.png"
  },
  {
    "command":"unfollow",
    "bot":"virgil",
    "reply":"https://raw.githubusercontent.com/juan0tron/gem-exchange-bot/master/assets/img/virgil/unfollow.png"
  },


  {
    "command":"reggie",
    "bot":"discord-chan",
    "reply":"https://raw.githubusercontent.com/juan0tron/gem-exchange-bot/master/assets/img/discord-chan/reggie.gif"
  },
  {
    "command":"treatyoself",
    "bot":"discord-chan",
    "reply":"https://raw.githubusercontent.com/juan0tron/gem-exchange-bot/master/assets/img/discord-chan/treatyoself.gif"
  },
  {
    "command":"pizza",
    "bot":"discord-chan",
    "reply":"https://raw.githubusercontent.com/juan0tron/gem-exchange-bot/master/assets/img/discord-chan/pizza.gif"
  },
  {
    "command": "construction",
    "bot":"discord-chan",
    "reply":"Under Construction disclaimer! Just a reminder what we're about to say may not be set in stone until an official lore page release. \n https://raw.githubusercontent.com/juan0tron/gem-exchange-bot/master/assets/img/discord-chan/construction.png"
  },
  {
    "command": "motivate",
    "bot": "discord-chan",
    "reply": ""
  },
  {
    "command": "edit",
    "bot": "discord-chan",
    "reply": "To request an edit to your Stardragon design, please fill out this form: \n https://docs.google.com/forms/d/e/1FAIpQLSc0zqv3OeM6HdkLn-iWCb01UPSETTThykJagoY44mgpcH3_bw/viewform"
  },
  {
    "command": "feedback",
    "bot": "discord-chan",
    "reply": "Have a question about the world of StarDragons? Or maybe some suggestions, or concerns you may have? Ask away and we shall do our best to answer you as soon as possible! \n https://docs.google.com/forms/d/1V6WzrkN-D3N_YOhIuOU74YntvpWcyxYZfy3dUe951X8/viewform?edit_requested=true"
  }
]
